{"accuracy": [0.6069706082344055, 0.8602745532989502, 0.9181165099143982, 0.9409346580505371, 0.9573084712028503, 0.9666548371315002, 0.9715200066566467, 0.9752187132835388, 0.9810797572135925, 0.9812077879905701], "loss": [1.3337254524230957, 0.43663889169692993, 0.25536373257637024, 0.18060530722141266, 0.13213369250297546, 0.1018814742565155, 0.08550292998552322, 0.07591408491134644, 0.058103132992982864, 0.05739511922001839], "val_accuracy": [0.8479968309402466, 0.9062713384628296, 0.935920774936676, 0.9417823553085327, 0.9500341415405273, 0.9625540375709534, 0.956009566783905, 0.959537923336029, 0.9655702114105225, 0.97257000207901], "val_loss": [0.4705858528614044, 0.2917740046977997, 0.19726596772670746, 0.1740458905696869, 0.15668287873268127, 0.11834101378917694, 0.1393270194530487, 0.1240893080830574, 0.11693214625120163, 0.09159339219331741]}